{
  "avg": 23.74088571428577,
  "p50": 4.5129999999990105,
  "p95": 82.94210000000021,
  "p99": 400.0472000000009,
  "max": 400.0472000000009,
  "count": 42
}