{
  "avg": 18.44278571428561,
  "p50": 2.5689000000002125,
  "p95": 61.500999999998385,
  "p99": 152.49269999999888,
  "max": 812.5175999999992,
  "count": 154
}