{
  "moduleName": "user",
  "generatedAt": "2026-07-02T12:48:35.328Z",
  "counts": {
    "endpoints": 84,
    "functions": 82,
    "records": 177,
    "pass": 177,
    "fail": 0,
    "warning": 0
  },
  "latency": {
    "avg": 5.926933333333346,
    "p50": 3.514900000000125,
    "p95": 8.901299999999537,
    "p99": 58.57170000000042,
    "max": 336.1183999999994,
    "count": 177
  },
  "findings": []
}