{
  "moduleName": "auth",
  "generatedAt": "2026-07-02T12:48:48.420Z",
  "counts": {
    "endpoints": 103,
    "functions": 392,
    "records": 506,
    "pass": 506,
    "fail": 0,
    "warning": 0
  },
  "latency": {
    "avg": 24.633051185770668,
    "p50": 0.8804000000018277,
    "p95": 189.01450000000114,
    "p99": 522.2849999999999,
    "max": 613.6922000000013,
    "count": 506
  },
  "findings": []
}