{
  "avg": 14.543300793650713,
  "p50": 2.0663000000004104,
  "p95": 35.92330000000038,
  "p99": 174.45820000000094,
  "max": 732.7103999999999,
  "count": 126
}