{
  "avg": 27.28592307692312,
  "p50": 0.7588999999989028,
  "p95": 163.77000000000044,
  "p99": 417.34390000000167,
  "max": 417.34390000000167,
  "count": 39
}