{
  "moduleName": "enterprise-management",
  "generatedAt": "2026-07-02T06:54:27.125Z",
  "counts": {
    "endpoints": 142,
    "functions": 184,
    "records": 337,
    "pass": 337,
    "fail": 0,
    "warning": 0
  },
  "latency": {
    "avg": 12.633713353115708,
    "p50": 4.954100000000835,
    "p95": 39.73309999999947,
    "p99": 69.31730000000061,
    "max": 409.2422000000006,
    "count": 337
  },
  "findings": []
}