{
  "avg": 28.695578124999827,
  "p50": 5.026700000000346,
  "p95": 162.63320000000022,
  "p99": 386.6852999999992,
  "max": 386.6852999999992,
  "count": 32
}